{"cameraMode":{"drawMode":0,"name":"Shaded","section":"Shading Mode"},"sceneLighting":true,"audioPlay":false,"sceneViewState":{"showFog":true,"showMaterialUpdate":false,"showSkybox":true,"showFlares":true,"showImageEffects":true,"showParticleSystems":true},"in2DMode":false,"pivot":{"x":-4.280566215515137,"y":-0.15903636813163758,"z":1.6656264066696168},"rotation":{"x":-0.24896414577960969,"y":0.16236023604869843,"z":-0.04237692058086395,"w":-0.9538658857345581},"size":2.2789418697357179,"orthographic":false}